X.Sample_Name...Short_Sample	Short_Sample	Sample_ID	Organism	Genotype	Compartment	Timepoint	Abbrev	Summary
Fun_S1	Fun_S1	1	H. vulgare	BI1	Soil	14 dpi	Hv	Hv_BI1_14dpi_Soil
Fun_S2	Fun_S2	2	H. vulgare	GP	Soil	14 dpi	Hv	Hv_GP_14dpi_Soil
Fun_S3	Fun_S3	3	H. vulgare	BI1	Rhizosphere	14 dpi	Hv	Hv_BI1_14dpi_Rhizosphere
Fun_S4	Fun_S4	4	H. vulgare	GP	Rhizosphere	14 dpi	Hv	Hv_GP_14dpi_Rhizosphere
Fun_S5	Fun_S5	5	H. vulgare	GP	Rhizosphere	14 dpi	Hv	Hv_GP_14dpi_Rhizosphere
Fun_S6	Fun_S6	6	H. vulgare	BI1	Roots	14 dpi	Hv	Hv_BI1_14dpi_Roots
Fun_S7	Fun_S7	7	H. vulgare	GP	Roots	14 dpi	Hv	Hv_GP_14dpi_Roots
Fun_S8	Fun_S8	8	A. thaliana	Col-0	Roots	14 dpi	At	At_Col-0_14dpi_Roots
Fun_S9	Fun_S9	9	A. thaliana	Col-0	Rhizoplane	14 dpi	At	At_Col-0_14dpi_Rhizoplane
Fun_S10	Fun_S10	10	A. thaliana	Col-0	Rhizoplane	14 dpi	At	At_Col-0_14dpi_Rhizoplane
Fun_S11	Fun_S11	11	A. thaliana	BI1	Rhizoplane	14 dpi	At	At_BI1_14dpi_Rhizoplane
Fun_S12	Fun_S12	12	H. vulgare	GP	Roots	14 dpi	Hv	Hv_GP_14dpi_Roots
Fun_S13	Fun_S13	13	A. thaliana	BI1	Rhizoplane	14 dpi	At	At_BI1_14dpi_Rhizoplane
Fun_S14	Fun_S14	14	A. thaliana	BI1	Roots	14 dpi	At	At_BI1_14dpi_Roots
Fun_S15	Fun_S15	15	H. vulgare	GP	Roots	14 dpi	Hv	Hv_GP_14dpi_Roots
Fun_S16	Fun_S16	16	A. thaliana	Col-0	Rhizoplane	14 dpi	At	At_Col-0_14dpi_Rhizoplane
Fun_S17	Fun_S17	17	A. thaliana	Col-0	Roots	14 dpi	At	At_Col-0_14dpi_Roots
Fun_S18	Fun_S18	18	H. vulgare	GP	Roots	14 dpi	Hv	Hv_GP_14dpi_Roots
Fun_S19	Fun_S19	19	A. thaliana	Col-0	Roots	14 dpi	At	At_Col-0_14dpi_Roots
Fun_S20	Fun_S20	20	A. thaliana	BI1	Rhizoplane	14 dpi	At	At_BI1_14dpi_Rhizoplane
Fun_S21	Fun_S21	21	A. thaliana	BI1	Rhizosphere	14 dpi	At	At_BI1_14dpi_Rhizosphere
Fun_S22	Fun_S22	22	A. thaliana	BI1	Rhizosphere	14 dpi	At	At_BI1_14dpi_Rhizosphere
Fun_S23	Fun_S23	23	H. vulgare	BI1	Roots	14 dpi	Hv	Hv_BI1_14dpi_Roots
Fun_S24	Fun_S24	24	H. vulgare	GP	Roots	14 dpi	Hv	Hv_GP_14dpi_Roots
Fun_S25	Fun_S25	25	A. thaliana	Col-0	Soil	14 dpi	At	At_Col-0_14dpi_Soil
Fun_S26	Fun_S26	26	A. thaliana	BI1	Rhizosphere	14 dpi	At	At_BI1_14dpi_Rhizosphere
Fun_S27	Fun_S27	27	A. thaliana	BI1	Rhizoplane	14 dpi	At	At_BI1_14dpi_Rhizoplane
Fun_S28	Fun_S28	28	A. thaliana	Col-0	Rhizosphere	14 dpi	At	At_Col-0_14dpi_Rhizosphere
Fun_S29	Fun_S29	29	H. vulgare	GP	Soil	14 dpi	Hv	Hv_GP_14dpi_Soil
Fun_S30	Fun_S30	30	H. vulgare	GP	Soil	14 dpi	Hv	Hv_GP_14dpi_Soil
Fun_S31	Fun_S31	31	H. vulgare	BI1	Soil	14 dpi	Hv	Hv_BI1_14dpi_Soil
Fun_S32	Fun_S32	32	A. thaliana	Col-0	Roots	14 dpi	At	At_Col-0_14dpi_Roots
Fun_S33	Fun_S33	33	H. vulgare	BI1	Roots	14 dpi	Hv	Hv_BI1_14dpi_Roots
Fun_S34	Fun_S34	34	A. thaliana	Col-0	Rhizoplane	14 dpi	At	At_Col-0_14dpi_Rhizoplane
Fun_S35	Fun_S35	35	A. thaliana	BI1	Rhizoplane	14 dpi	At	At_BI1_14dpi_Rhizoplane
Fun_S36	Fun_S36	36	A. thaliana	Col-0	Soil	14 dpi	At	At_Col-0_14dpi_Soil
Fun_S37	Fun_S37	37	H. vulgare	GP	Roots	14 dpi	Hv	Hv_GP_14dpi_Roots
Fun_S38	Fun_S38	38	H. vulgare	GP	Roots	14 dpi	Hv	Hv_GP_14dpi_Roots
Fun_S39	Fun_S39	39	A. thaliana	BI1	Rhizoplane	14 dpi	At	At_BI1_14dpi_Rhizoplane
Fun_S40	Fun_S40	40	H. vulgare	BI1	Roots	14 dpi	Hv	Hv_BI1_14dpi_Roots
Fun_S41	Fun_S41	41	A. thaliana	Col-0	Soil	14 dpi	At	At_Col-0_14dpi_Soil
Fun_S42	Fun_S42	42	H. vulgare	GP	Roots	14 dpi	Hv	Hv_GP_14dpi_Roots
Fun_S43	Fun_S43	43	A. thaliana	BI1	Roots	14 dpi	At	At_BI1_14dpi_Roots
Fun_S44	Fun_S44	44	H. vulgare	GP	Roots	14 dpi	Hv	Hv_GP_14dpi_Roots
Fun_S45	Fun_S45	45	A. thaliana	BI1	Rhizosphere	14 dpi	At	At_BI1_14dpi_Rhizosphere
Fun_S46	Fun_S46	46	A. thaliana	BI1	Soil	14 dpi	At	At_BI1_14dpi_Soil
Fun_S47	Fun_S47	47	H. vulgare	BI1	Roots	14 dpi	Hv	Hv_BI1_14dpi_Roots
Fun_S48	Fun_S48	48	A. thaliana	Col-0	Soil	14 dpi	At	At_Col-0_14dpi_Soil
Fun_S49	Fun_S49	49	A. thaliana	BI1	Roots	14 dpi	At	At_BI1_14dpi_Roots
Fun_S50	Fun_S50	50	A. thaliana	Col-0	Rhizosphere	14 dpi	At	At_Col-0_14dpi_Rhizosphere
Fun_S51	Fun_S51	51	A. thaliana	Col-0	Roots	14 dpi	At	At_Col-0_14dpi_Roots
Fun_S52	Fun_S52	52	A. thaliana	BI1	Roots	14 dpi	At	At_BI1_14dpi_Roots
Fun_S53	Fun_S53	53	A. thaliana	Col-0	Rhizoplane	14 dpi	At	At_Col-0_14dpi_Rhizoplane
Fun_S54	Fun_S54	54	A. thaliana	Col-0	Rhizoplane	14 dpi	At	At_Col-0_14dpi_Rhizoplane
Fun_S55	Fun_S55	55	A. thaliana	BI1	Soil	14 dpi	At	At_BI1_14dpi_Soil
Fun_S56	Fun_S56	56	A. thaliana	BI1	Soil	14 dpi	At	At_BI1_14dpi_Soil
Fun_S57	Fun_S57	57	H. vulgare	BI1	Roots	14 dpi	Hv	Hv_BI1_14dpi_Roots
Fun_S58	Fun_S58	58	H. vulgare	BI1	Roots	14 dpi	Hv	Hv_BI1_14dpi_Roots
Fun_S59	Fun_S59	59	H. vulgare	GP	Roots	14 dpi	Hv	Hv_GP_14dpi_Roots
Fun_S60	Fun_S60	60	A. thaliana	Col-0	Rhizosphere	14 dpi	At	At_Col-0_14dpi_Rhizosphere
Fun_S61	Fun_S61	61	H. vulgare	BI1	Rhizosphere	14 dpi	Hv	Hv_BI1_14dpi_Rhizosphere
Fun_S62	Fun_S62	62	H. vulgare	BI1	Rhizosphere	14 dpi	Hv	Hv_BI1_14dpi_Rhizosphere
Fun_S63	Fun_S63	63	H. vulgare	BI1	Rhizosphere	14 dpi	Hv	Hv_BI1_14dpi_Rhizosphere
Fun_S64	Fun_S64	64	A. thaliana	BI1	Soil	14 dpi	At	At_BI1_14dpi_Soil
Fun_S65	Fun_S65	65	A. thaliana	Col-0	Soil	14 dpi	At	At_Col-0_14dpi_Soil
Fun_S66	Fun_S66	66	A. thaliana	Col-0	Soil	14 dpi	At	At_Col-0_14dpi_Soil
Fun_S67	Fun_S67	67	H. vulgare	BI1	Roots	14 dpi	Hv	Hv_BI1_14dpi_Roots
Fun_S68	Fun_S68	68	H. vulgare	BI1	Roots	14 dpi	Hv	Hv_BI1_14dpi_Roots
Fun_S69	Fun_S69	69	A. thaliana	Col-0	Soil	14 dpi	At	At_Col-0_14dpi_Soil
Fun_S70	Fun_S70	70	H. vulgare	BI1	Roots	14 dpi	Hv	Hv_BI1_14dpi_Roots
Fun_S71	Fun_S71	71	A. thaliana	BI1	Rhizoplane	14 dpi	At	At_BI1_14dpi_Rhizoplane
Fun_S72	Fun_S72	72	A. thaliana	Col-0	Rhizoplane	14 dpi	At	At_Col-0_14dpi_Rhizoplane
Fun_S73	Fun_S73	73	H. vulgare	GP	Roots	14 dpi	Hv	Hv_GP_14dpi_Roots
Fun_S74	Fun_S74	74	H. vulgare	BI1	Roots	14 dpi	Hv	Hv_BI1_14dpi_Roots
Fun_S75	Fun_S75	75	A. thaliana	Col-0	Rhizoplane	14 dpi	At	At_Col-0_14dpi_Rhizoplane
Fun_S76	Fun_S76	76	A. thaliana	BI1	Rhizoplane	14 dpi	At	At_BI1_14dpi_Rhizoplane
Fun_S77	Fun_S77	77	A. thaliana	Col-0	Rhizosphere	14 dpi	At	At_Col-0_14dpi_Rhizosphere
Fun_S78	Fun_S78	78	H. vulgare	GP	Rhizosphere	14 dpi	Hv	Hv_GP_14dpi_Rhizosphere
Fun_S79	Fun_S79	79	H. vulgare	BI1	Rhizosphere	14 dpi	Hv	Hv_BI1_14dpi_Rhizosphere
Fun_S80	Fun_S80	80	H. vulgare	BI1	Soil	14 dpi	Hv	Hv_BI1_14dpi_Soil
Fun_S81	Fun_S81	81	H. vulgare	GP	Roots	14 dpi	Hv	Hv_GP_14dpi_Roots
Fun_S82	Fun_S82	82	H. vulgare	GP	Rhizosphere	14 dpi	Hv	Hv_GP_14dpi_Rhizosphere
Fun_S83	Fun_S83	83	H. vulgare	GP	Rhizosphere	14 dpi	Hv	Hv_GP_14dpi_Rhizosphere
Fun_S84	Fun_S84	84	H. vulgare	GP	Rhizosphere	14 dpi	Hv	Hv_GP_14dpi_Rhizosphere
Fun_S85	Fun_S85	85	H. vulgare	GP	Rhizosphere	14 dpi	Hv	Hv_GP_14dpi_Rhizosphere
Fun_S86	Fun_S86	86	H. vulgare	GP	Rhizosphere	14 dpi	Hv	Hv_GP_14dpi_Rhizosphere
Fun_S87	Fun_S87	87	H. vulgare	GP	Rhizosphere	14 dpi	Hv	Hv_GP_14dpi_Rhizosphere
Fun_S88	Fun_S88	88	H. vulgare	GP	Rhizosphere	14 dpi	Hv	Hv_GP_14dpi_Rhizosphere
Fun_S89	Fun_S89	89	H. vulgare	BI1	Roots	14 dpi	Hv	Hv_BI1_14dpi_Roots
Fun_S90	Fun_S90	90	H. vulgare	BI1	Rhizosphere	14 dpi	Hv	Hv_BI1_14dpi_Rhizosphere
Fun_S91	Fun_S91	91	H. vulgare	BI1	Rhizosphere	14 dpi	Hv	Hv_BI1_14dpi_Rhizosphere
Fun_S92	Fun_S92	92	H. vulgare	BI1	Rhizosphere	14 dpi	Hv	Hv_BI1_14dpi_Rhizosphere
Fun_S93	Fun_S93	93	H. vulgare	BI1	Rhizosphere	14 dpi	Hv	Hv_BI1_14dpi_Rhizosphere
Fun_S94	Fun_S94	94	H. vulgare	BI1	Rhizosphere	14 dpi	Hv	Hv_BI1_14dpi_Rhizosphere
Fun_S95	Fun_S95	95	H. vulgare	BI1	Rhizosphere	14 dpi	Hv	Hv_BI1_14dpi_Rhizosphere
Fun_S96	Fun_S96	96	H. vulgare	BI1	Rhizosphere	14 dpi	Hv	Hv_BI1_14dpi_Rhizosphere
Fun_S97	Fun_S97	97	A. thaliana	BI1	Soil	14 dpi	At	At_BI1_14dpi_Soil
Fun_S98	Fun_S98	98	A. thaliana	BI1	Soil	14 dpi	At	At_BI1_14dpi_Soil
Fun_S99	Fun_S99	99	A. thaliana	Col-0	Rhizoplane	14 dpi	At	At_Col-0_14dpi_Rhizoplane
Fun_S100	Fun_S100	100	A. thaliana	Col-0	Rhizosphere	14 dpi	At	At_Col-0_14dpi_Rhizosphere
Fun_S101	Fun_S101	101	A. thaliana	BI1	Rhizosphere	14 dpi	At	At_BI1_14dpi_Rhizosphere
Fun_S102	Fun_S102	102	A. thaliana	BI1	Soil	28 dpi	At	At_BI1_28dpi_Soil
Fun_S103	Fun_S103	103	A. thaliana	Col-0	Soil	14 dpi	At	At_Col-0_14dpi_Soil
Fun_S104	Fun_S104	104	A. thaliana	BI1	Rhizoplane	28 dpi	At	At_BI1_28dpi_Rhizoplane
Fun_S105	Fun_S105	105	A. thaliana	Col-0	Rhizosphere	14 dpi	At	At_Col-0_14dpi_Rhizosphere
Fun_S106	Fun_S106	106	A. thaliana	Col-0	Rhizosphere	14 dpi	At	At_Col-0_14dpi_Rhizosphere
Fun_S107	Fun_S107	107	A. thaliana	BI1	Rhizosphere	28 dpi	At	At_BI1_28dpi_Rhizosphere
Fun_S108	Fun_S108	108	A. thaliana	BI1	Soil	14 dpi	At	At_BI1_14dpi_Soil
Fun_S109	Fun_S109	109	A. thaliana	Col-0	Rhizoplane	28 dpi	At	At_Col-0_28dpi_Rhizoplane
Fun_S110	Fun_S110	110	A. thaliana	BI1	Rhizosphere	28 dpi	At	At_BI1_28dpi_Rhizosphere
Fun_S111	Fun_S111	111	H. vulgare	BI1	Rhizosphere	14 dpi	Hv	Hv_BI1_14dpi_Rhizosphere
Fun_S112	Fun_S112	112	H. vulgare	GP	Rhizosphere	14 dpi	Hv	Hv_GP_14dpi_Rhizosphere
Fun_S113	Fun_S113	113	A. thaliana	Col-0	Rhizoplane	28 dpi	At	At_Col-0_28dpi_Rhizoplane
Fun_S114	Fun_S114	114	A. thaliana	BI1	Rhizoplane	28 dpi	At	At_BI1_28dpi_Rhizoplane
Fun_S115	Fun_S115	115	A. thaliana	Col-0	Rhizoplane	28 dpi	At	At_Col-0_28dpi_Rhizoplane
Fun_S116	Fun_S116	116	A. thaliana	BI1	Soil	28 dpi	At	At_BI1_28dpi_Soil
Fun_S117	Fun_S117	117	A. thaliana	BI1	Soil	28 dpi	At	At_BI1_28dpi_Soil
Fun_S118	Fun_S118	118	A. thaliana	BI1	Rhizosphere	28 dpi	At	At_BI1_28dpi_Rhizosphere
Fun_S119	Fun_S119	119	A. thaliana	BI1	Soil	28 dpi	At	At_BI1_28dpi_Soil
Fun_S120	Fun_S120	120	A. thaliana	BI1	Rhizosphere	28 dpi	At	At_BI1_28dpi_Rhizosphere
Fun_S121	Fun_S121	121	A. thaliana	Col-0	Rhizoplane	28 dpi	At	At_Col-0_28dpi_Rhizoplane
Fun_S122	Fun_S122	122	A. thaliana	BI1	Rhizoplane	28 dpi	At	At_BI1_28dpi_Rhizoplane
Fun_S123	Fun_S123	123	A. thaliana	BI1	Rhizoplane	28 dpi	At	At_BI1_28dpi_Rhizoplane
Fun_S124	Fun_S124	124	A. thaliana	Col-0	Rhizosphere	28 dpi	At	At_Col-0_28dpi_Rhizosphere
Fun_S125	Fun_S125	125	A. thaliana	BI1	Rhizosphere	28 dpi	At	At_BI1_28dpi_Rhizosphere
Fun_S126	Fun_S126	126	A. thaliana	Col-0	Soil	28 dpi	At	At_Col-0_28dpi_Soil
Fun_S127	Fun_S127	127	A. thaliana	Col-0	Soil	28 dpi	At	At_Col-0_28dpi_Soil
Fun_S128	Fun_S128	128	A. thaliana	Col-0	Soil	28 dpi	At	At_Col-0_28dpi_Soil
Fun_S129	Fun_S129	129	A. thaliana	Col-0	Soil	28 dpi	At	At_Col-0_28dpi_Soil
Fun_S130	Fun_S130	130	A. thaliana	Col-0	Rhizosphere	28 dpi	At	At_Col-0_28dpi_Rhizosphere
Fun_S131	Fun_S131	131	A. thaliana	Col-0	Roots	28 dpi	At	At_Col-0_28dpi_Roots
Fun_S132	Fun_S132	132	A. thaliana	Col-0	Roots	14 dpi	At	At_Col-0_14dpi_Roots
Fun_S133	Fun_S133	133	A. thaliana	Col-0	Roots	14 dpi	At	At_Col-0_14dpi_Roots
Fun_S134	Fun_S134	134	A. thaliana	BI1	Roots	28 dpi	At	At_BI1_28dpi_Roots
Fun_S135	Fun_S135	135	A. thaliana	BI1	Roots	28 dpi	At	At_BI1_28dpi_Roots
Fun_S136	Fun_S136	136	A. thaliana	BI1	Roots	14 dpi	At	At_BI1_14dpi_Roots
Fun_S137	Fun_S137	137	A. thaliana	BI1	Roots	14 dpi	At	At_BI1_14dpi_Roots
Fun_S138	Fun_S138	138	A. thaliana	BI1	Rhizosphere	28 dpi	At	At_BI1_28dpi_Rhizosphere
Fun_S139	Fun_S139	139	A. thaliana	Col-0	Roots	28 dpi	At	At_Col-0_28dpi_Roots
Fun_S140	Fun_S140	140	A. thaliana	Col-0	Roots	14 dpi	At	At_Col-0_14dpi_Roots
Fun_S141	Fun_S141	141	A. thaliana	Col-0	Rhizoplane	28 dpi	At	At_Col-0_28dpi_Rhizoplane
Fun_S142	Fun_S142	142	A. thaliana	BI1	Roots	28 dpi	At	At_BI1_28dpi_Roots
Fun_S143	Fun_S143	143	A. thaliana	BI1	Roots	14 dpi	At	At_BI1_14dpi_Roots
Fun_S144	Fun_S144	144	A. thaliana	BI1	Roots	28 dpi	At	At_BI1_28dpi_Roots
Fun_S145	Fun_S145	145	A. thaliana	Col-0	Soil	28 dpi	At	At_Col-0_28dpi_Soil
Fun_S146	Fun_S146	146	A. thaliana	Col-0	Rhizosphere	28 dpi	At	At_Col-0_28dpi_Rhizosphere
Fun_S147	Fun_S147	147	A. thaliana	Col-0	Rhizosphere	28 dpi	At	At_Col-0_28dpi_Rhizosphere
Fun_S148	Fun_S148	148	A. thaliana	Col-0	Soil	28 dpi	At	At_Col-0_28dpi_Soil
Fun_S149	Fun_S149	149	A. thaliana	BI1	Soil	28 dpi	At	At_BI1_28dpi_Soil
Fun_S150	Fun_S150	150	A. thaliana	Col-0	Rhizoplane	28 dpi	At	At_Col-0_28dpi_Rhizoplane
Fun_S151	Fun_S151	151	A. thaliana	Col-0	Rhizoplane	28 dpi	At	At_Col-0_28dpi_Rhizoplane
Fun_S152	Fun_S152	152	A. thaliana	Col-0	Rhizosphere	28 dpi	At	At_Col-0_28dpi_Rhizosphere
Fun_S153	Fun_S153	153	A. thaliana	BI1	Soil	28 dpi	At	At_BI1_28dpi_Soil
Fun_S154	Fun_S154	154	A. thaliana	BI1	Rhizoplane	28 dpi	At	At_BI1_28dpi_Rhizoplane
Fun_S155	Fun_S155	155	A. thaliana	Col-0	Rhizoplane	28 dpi	At	At_Col-0_28dpi_Rhizoplane
Fun_S156	Fun_S156	156	A. thaliana	BI1	Soil	28 dpi	At	At_BI1_28dpi_Soil
Fun_S157	Fun_S157	157	A. thaliana	Col-0	Soil	28 dpi	At	At_Col-0_28dpi_Soil
Fun_S158	Fun_S158	158	A. thaliana	BI1	Rhizosphere	28 dpi	At	At_BI1_28dpi_Rhizosphere
Fun_S159	Fun_S159	159	A. thaliana	Col-0	Soil	28 dpi	At	At_Col-0_28dpi_Soil
Fun_S160	Fun_S160	160	A. thaliana	BI1	Rhizosphere	28 dpi	At	At_BI1_28dpi_Rhizosphere
Fun_S161	Fun_S161	161	A. thaliana	BI1	Soil	28 dpi	At	At_BI1_28dpi_Soil
Fun_S162	Fun_S162	162	A. thaliana	Col-0	Rhizosphere	28 dpi	At	At_Col-0_28dpi_Rhizosphere
Fun_S163	Fun_S163	163	A. thaliana	Col-0	Rhizoplane	28 dpi	At	At_Col-0_28dpi_Rhizoplane
Fun_S164	Fun_S164	164	A. thaliana	BI1	Roots	28 dpi	At	At_BI1_28dpi_Roots
Fun_S165	Fun_S165	165	A. thaliana	BI1	Roots	28 dpi	At	At_BI1_28dpi_Roots
Fun_S166	Fun_S166	166	A. thaliana	Col-0	Roots	28 dpi	At	At_Col-0_28dpi_Roots
Fun_S167	Fun_S167	167	A. thaliana	Col-0	Roots	28 dpi	At	At_Col-0_28dpi_Roots
Fun_S168	Fun_S168	168	A. thaliana	Col-0	Roots	28 dpi	At	At_Col-0_28dpi_Roots
Fun_S169	Fun_S169	169	A. thaliana	BI1	Rhizosphere	28 dpi	At	At_BI1_28dpi_Rhizosphere
Fun_S170	Fun_S170	170	A. thaliana	Col-0	Rhizosphere	28 dpi	At	At_Col-0_28dpi_Rhizosphere
Fun_S171	Fun_S171	171	A. thaliana	BI1	Rhizoplane	28 dpi	At	At_BI1_28dpi_Rhizoplane
Fun_S172	Fun_S172	172	A. thaliana	BI1	Roots	28 dpi	At	At_BI1_28dpi_Roots
Fun_S173	Fun_S173	173	A. thaliana	BI1	Roots	28 dpi	At	At_BI1_28dpi_Roots
Fun_S174	Fun_S174	174	A. thaliana	Col-0	Roots	28 dpi	At	At_Col-0_28dpi_Roots
Fun_S175	Fun_S175	175	A. thaliana	Col-0	Roots	28 dpi	At	At_Col-0_28dpi_Roots
Fun_S176	Fun_S176	176	A. thaliana	Col-0	Roots	28 dpi	At	At_Col-0_28dpi_Roots
Fun_S177	Fun_S177	177	A. thaliana	BI1	Rhizoplane	28 dpi	At	At_BI1_28dpi_Rhizoplane
Fun_S178	Fun_S178	178	H. vulgare	GP	Roots	28 dpi	Hv	Hv_GP_28dpi_Roots
Fun_S179	Fun_S179	179	H. vulgare	GP	Roots	28 dpi	Hv	Hv_GP_28dpi_Roots
Fun_S180	Fun_S180	180	H. vulgare	GP	Roots	28 dpi	Hv	Hv_GP_28dpi_Roots
Fun_S181	Fun_S181	181	H. vulgare	BI1	Roots	28 dpi	Hv	Hv_BI1_28dpi_Roots
Fun_S182	Fun_S182	182	H. vulgare	BI1	Roots	28 dpi	Hv	Hv_BI1_28dpi_Roots
Fun_S183	Fun_S183	183	H. vulgare	GP	Roots	28 dpi	Hv	Hv_GP_28dpi_Roots
Fun_S184	Fun_S184	184	H. vulgare	GP	Roots	28 dpi	Hv	Hv_GP_28dpi_Roots
Fun_S185	Fun_S185	185	H. vulgare	BI1	Roots	28 dpi	Hv	Hv_BI1_28dpi_Roots
Fun_S186	Fun_S186	186	H. vulgare	BI1	Soil	28 dpi	Hv	Hv_BI1_28dpi_Soil
Fun_S187	Fun_S187	187	H. vulgare	GP	Soil	28 dpi	Hv	Hv_GP_28dpi_Soil
Fun_S188	Fun_S188	188	H. vulgare	BI1	Rhizosphere	28 dpi	Hv	Hv_BI1_28dpi_Rhizosphere
Fun_S189	Fun_S189	189	H. vulgare	GP	Rhizosphere	28 dpi	Hv	Hv_GP_28dpi_Rhizosphere
Fun_S190	Fun_S190	190	H. vulgare	BI1	Rhizosphere	28 dpi	Hv	Hv_BI1_28dpi_Rhizosphere
Fun_S191	Fun_S191	191	H. vulgare	GP	Rhizosphere	28 dpi	Hv	Hv_GP_28dpi_Rhizosphere
Fun_S192	Fun_S192	192	H. vulgare	GP	Rhizosphere	28 dpi	Hv	Hv_GP_28dpi_Rhizosphere
Fun_S193	Fun_S193	193	H. vulgare	BI1	Rhizosphere	28 dpi	Hv	Hv_BI1_28dpi_Rhizosphere
Fun_S194	Fun_S194	194	H. vulgare	GP	Soil	28 dpi	Hv	Hv_GP_28dpi_Soil
Fun_S195	Fun_S195	195	H. vulgare	GP	Roots	28 dpi	Hv	Hv_GP_28dpi_Roots
Fun_S196	Fun_S196	196	H. vulgare	BI1	Roots	28 dpi	Hv	Hv_BI1_28dpi_Roots
Fun_S197	Fun_S197	197	H. vulgare	GP	Roots	28 dpi	Hv	Hv_GP_28dpi_Roots
Fun_S198	Fun_S198	198	H. vulgare	GP	Roots	28 dpi	Hv	Hv_GP_28dpi_Roots
Fun_S199	Fun_S199	199	H. vulgare	BI1	Roots	28 dpi	Hv	Hv_BI1_28dpi_Roots
Fun_S200	Fun_S200	200	H. vulgare	GP	Roots	28 dpi	Hv	Hv_GP_28dpi_Roots
Fun_S201	Fun_S201	201	H. vulgare	BI1	Roots	28 dpi	Hv	Hv_BI1_28dpi_Roots
Fun_S202	Fun_S202	202	H. vulgare	GP	Roots	28 dpi	Hv	Hv_GP_28dpi_Roots
Fun_S203	Fun_S203	203	H. vulgare	BI1	Roots	28 dpi	Hv	Hv_BI1_28dpi_Roots
Fun_S204	Fun_S204	204	H. vulgare	GP	Rhizosphere	28 dpi	Hv	Hv_GP_28dpi_Rhizosphere
Fun_S205	Fun_S205	205	H. vulgare	BI1	Roots	28 dpi	Hv	Hv_BI1_28dpi_Roots
Fun_S206	Fun_S206	206	H. vulgare	BI1	Rhizosphere	28 dpi	Hv	Hv_BI1_28dpi_Rhizosphere
Fun_S207	Fun_S207	207	H. vulgare	GP	Soil	28 dpi	Hv	Hv_GP_28dpi_Soil
Fun_S208	Fun_S208	208	H. vulgare	BI1	Rhizosphere	28 dpi	Hv	Hv_BI1_28dpi_Rhizosphere
Fun_S209	Fun_S209	209	H. vulgare	BI1	Roots	28 dpi	Hv	Hv_BI1_28dpi_Roots
Fun_S210	Fun_S210	210	H. vulgare	BI1	Roots	28 dpi	Hv	Hv_BI1_28dpi_Roots
Fun_S211	Fun_S211	211	H. vulgare	GP	Roots	28 dpi	Hv	Hv_GP_28dpi_Roots
Fun_S212	Fun_S212	212	H. vulgare	GP	Rhizosphere	28 dpi	Hv	Hv_GP_28dpi_Rhizosphere
Fun_S213	Fun_S213	213	H. vulgare	GP	Rhizosphere	28 dpi	Hv	Hv_GP_28dpi_Rhizosphere
Fun_S214	Fun_S214	214	H. vulgare	BI1	Rhizosphere	28 dpi	Hv	Hv_BI1_28dpi_Rhizosphere
Fun_S215	Fun_S215	215	H. vulgare	BI1	Soil	28 dpi	Hv	Hv_BI1_28dpi_Soil
Fun_S216	Fun_S216	216	H. vulgare	GP	Rhizosphere	28 dpi	Hv	Hv_GP_28dpi_Rhizosphere
Fun_S217	Fun_S217	217	H. vulgare	BI1	Roots	28 dpi	Hv	Hv_BI1_28dpi_Roots
Fun_S218	Fun_S218	218	H. vulgare	BI1	Roots	28 dpi	Hv	Hv_BI1_28dpi_Roots
Fun_S219	Fun_S219	219	H. vulgare	GP	Roots	28 dpi	Hv	Hv_GP_28dpi_Roots
Fun_S220	Fun_S220	220	H. vulgare	GP	Rhizosphere	28 dpi	Hv	Hv_GP_28dpi_Rhizosphere
Fun_S221	Fun_S221	221	H. vulgare	BI1	Soil	28 dpi	Hv	Hv_BI1_28dpi_Soil
Fun_S222	Fun_S222	222	H. vulgare	BI1	Rhizosphere	28 dpi	Hv	Hv_BI1_28dpi_Rhizosphere
Fun_S223	Fun_S223	223	H. vulgare	BI1	Soil	28 dpi	Hv	Hv_BI1_28dpi_Soil
Fun_S224	Fun_S224	224	H. vulgare	GP	Soil	28 dpi	Hv	Hv_GP_28dpi_Soil
Fun_S225	Fun_S225	225	H. vulgare	GP	Rhizosphere	28 dpi	Hv	Hv_GP_28dpi_Rhizosphere
Fun_S226	Fun_S226	226	H. vulgare	GP	Soil	28 dpi	Hv	Hv_GP_28dpi_Soil
Fun_S227	Fun_S227	227	H. vulgare	BI1	Soil	28 dpi	Hv	Hv_BI1_28dpi_Soil
Fun_S228	Fun_S228	228	H. vulgare	BI1	Soil	28 dpi	Hv	Hv_BI1_28dpi_Soil
Fun_S229	Fun_S229	229	H. vulgare	BI1	Soil	28 dpi	Hv	Hv_BI1_28dpi_Soil
Fun_S230	Fun_S230	230	H. vulgare	GP	Soil	28 dpi	Hv	Hv_GP_28dpi_Soil
Fun_S231	Fun_S231	231	H. vulgare	BI1	Rhizosphere	28 dpi	Hv	Hv_BI1_28dpi_Rhizosphere
Fun_S232	Fun_S232	232	H. vulgare	BI1	Rhizosphere	28 dpi	Hv	Hv_BI1_28dpi_Rhizosphere
Fun_S233	Fun_S233	233	H. vulgare	BI1	Soil	28 dpi	Hv	Hv_BI1_28dpi_Soil
Fun_S234	Fun_S234	234	H. vulgare	BI1	Rhizosphere	28 dpi	Hv	Hv_BI1_28dpi_Rhizosphere
Fun_S235	Fun_S235	235	H. vulgare	BI1	Soil	28 dpi	Hv	Hv_BI1_28dpi_Soil
Fun_S236	Fun_S236	236	H. vulgare	GP	Soil	28 dpi	Hv	Hv_GP_28dpi_Soil
Fun_S237	Fun_S237	237	H. vulgare	BI1	Soil	28 dpi	Hv	Hv_BI1_28dpi_Soil
Fun_S238	Fun_S238	238	H. vulgare	GP	Soil	28 dpi	Hv	Hv_GP_28dpi_Soil
Fun_S239	Fun_S239	239	H. vulgare	BI1	Soil	28 dpi	Hv	Hv_BI1_28dpi_Soil
Fun_S240	Fun_S240	240	H. vulgare	GP	Rhizosphere	28 dpi	Hv	Hv_GP_28dpi_Rhizosphere
Fun_S241	Fun_S241	241	H. vulgare	GP	Rhizosphere	28 dpi	Hv	Hv_GP_28dpi_Rhizosphere
Fun_S242	Fun_S242	242	H. vulgare	BI1	Rhizosphere	28 dpi	Hv	Hv_BI1_28dpi_Rhizosphere
Fun_S243	Fun_S243	243	H. vulgare	BI1	Rhizosphere	28 dpi	Hv	Hv_BI1_28dpi_Rhizosphere
Fun_S244	Fun_S244	244	H. vulgare	GP	Soil	28 dpi	Hv	Hv_GP_28dpi_Soil
Fun_S245	Fun_S245	245	H. vulgare	BI1	Soil	28 dpi	Hv	Hv_BI1_28dpi_Soil
Fun_S246	Fun_S246	246	H. vulgare	GP	Soil	28 dpi	Hv	Hv_GP_28dpi_Soil
Fun_S247	Fun_S247	247	H. vulgare	GP	Soil	28 dpi	Hv	Hv_GP_28dpi_Soil
Fun_S248	Fun_S248	248	H. vulgare	GP	Rhizosphere	28 dpi	Hv	Hv_GP_28dpi_Rhizosphere
Fun_S249	Fun_S249	249	H. vulgare	GP	Rhizosphere	28 dpi	Hv	Hv_GP_28dpi_Rhizosphere
Fun_SEmpty	Fun_SEmpty	Empty	Empty	Empty	Cas	Empty	Empty	Empty_Empty_Empty_Cas
Fun_SEmpty	Fun_SEmpty	Empty	Empty	Empty	Cas	Empty	Empty	Empty_Empty_Empty_Cas
Fun_SEmpty	Fun_SEmpty	Empty	Empty	Empty	Cas	Empty	Empty	Empty_Empty_Empty_Cas
Fun_SEmpty	Fun_SEmpty	Empty	Empty	Empty	Cas	Empty	Empty	Empty_Empty_Empty_Cas
Fun_SEmpty	Fun_SEmpty	Empty	Empty	Empty	Cas	Empty	Empty	Empty_Empty_Empty_Cas
Fun_SEmpty	Fun_SEmpty	Empty	Empty	Empty	Cas	Empty	Empty	Empty_Empty_Empty_Cas
Fun_SEmpty	Fun_SEmpty	Empty	Empty	Empty	Cas	Empty	Empty	Empty_Empty_Empty_Cas
Fun_SEmpty	Fun_SEmpty	Empty	Empty	Empty	Neg	Empty	Empty	Empty_Empty_Empty_Neg
Fun_SEmpty	Fun_SEmpty	Empty	Empty	Empty	Neg	Empty	Empty	Empty_Empty_Empty_Neg
Fun_SEmpty	Fun_SEmpty	Empty	Empty	Empty	Neg	Empty	Empty	Empty_Empty_Empty_Neg
Fun_SEmpty	Fun_SEmpty	Empty	Empty	Empty	Neg	Empty	Empty	Empty_Empty_Empty_Neg
Fun_SEmpty	Fun_SEmpty	Empty	Empty	Empty	Seba	Empty	Empty	Empty_Empty_Empty_Seba
Fun_SEmpty	Fun_SEmpty	Empty	Empty	Empty	Seba	Empty	Empty	Empty_Empty_Empty_Seba
Fun_SEmpty	Fun_SEmpty	Empty	Empty	Empty	Seba	Empty	Empty	Empty_Empty_Empty_Seba
Fun_SEmpty	Fun_SEmpty	Empty	Empty	Empty	Sv	Empty	Empty	Empty_Empty_Empty_Sv
